Name,ID,Index,Type,Grade,MaxStack,Price.Type,Price.Value,IconSprite,Equip.Part,Equip.Attack,Equip.Defense,Equip.Speed,Equip.Sprite
Text,Text,Int,ItemType,Int,Int,PriceType,Int,Text,PartType,Int,Int,Int,Text
cloak leather,ITEM_EQUIP_CLOAK_0001,101001,Equip,1,1,Gold,100,,Cloak,,1,,Assets/Sprites/Suit/Cloak/black.png
armor blue gold,ITEM_EQUIP_BODY_0001,104001,Equip,1,1,Gold,100,,Body,,1,,Assets/Sprites/Suit/Body/chainmail.png
boots,ITEM_EQUIP_BOOTS_0001,105001,Equip,1,1,Gold,100,,Boots,,1,,Assets/Sprites/Suit/Boots/blue_gold.png
head,ITEM_EQUIP_HEAD_0001,107001,Equip,1,1,Gold,100,,Head,,1,,Assets/Sprites/Suit/Head/art_dragonhelm.png
gloves,ITEM_EQUIP_GLOVES_0001,108001,Equip,1,1,Gold,100,,Gloves,,1,,Assets/Sprites/Suit/Gloves/gauntlet_blue.png
shield,ITEM_EQUIP_SHIELD_0001,109001,Equip,1,1,Gold,100,,Hand,1,1,,Assets/Sprites/Suit/Shield/shield_middle_round.png
axe,ITEM_EQUIP_AXE_0001,110001,Equip,1,1,Gold,100,,Hand,3,,,Assets/Sprites/Suit/Weapon/axe.png
great sword,ITEM_EQUIP_GREATE_SWORD_0001,111001,Equip,1,1,Gold,100,,TwoHands,10,,,Assets/Sprites/Suit/Weapon/greate_sword.png
